{
  "2025-04-04": {
    "responsavel": "avos_paternos",
    "tipo": "planejado"
  },
  "2025-04-05": {
    "responsavel": "avos_paternos",
    "tipo": "planejado"
  },
  "2025-04-06": {
    "responsavel": "avos_paternos",
    "tipo": "planejado"
  },
  "2025-04-11": {
    "responsavel": "taciana",
    "tipo": "planejado"
  },
  "2025-04-12": {
    "responsavel": "taciana",
    "tipo": "planejado"
  },
  "2025-04-13": {
    "responsavel": "taciana",
    "tipo": "planejado"
  },
  "2025-04-18": {
    "responsavel": "leonardo",
    "tipo": "planejado"
  },
  "2025-04-19": {
    "responsavel": "leonardo",
    "tipo": "planejado"
  },
  "2025-04-20": {
    "responsavel": "leonardo",
    "tipo": "planejado"
  },
  "2025-04-21": {
    "responsavel": "leonardo",
    "tipo": "planejado"
  },
  "2025-04-25": {
    "responsavel": "taciana",
    "tipo": "planejado"
  },
  "2025-04-26": {
    "responsavel": "taciana",
    "tipo": "planejado"
  },
  "2025-04-27": {
    "responsavel": "taciana",
    "tipo": "planejado"
  },
  "2025-05-01": {
    "responsavel": "leonardo",
    "tipo": "planejado"
  },
  "2025-05-02": {
    "responsavel": "leonardo",
    "tipo": "planejado"
  },
  "2025-05-03": {
    "responsavel": "leonardo",
    "tipo": "planejado"
  },
  "2025-05-04": {
    "responsavel": "leonardo",
    "tipo": "planejado"
  },
  "2025-05-09": {
    "responsavel": "taciana",
    "tipo": "planejado"
  },
  "2025-05-10": {
    "responsavel": "taciana",
    "tipo": "planejado"
  },
  "2025-05-11": {
    "responsavel": "taciana",
    "tipo": "planejado"
  },
  "2025-05-16": {
    "responsavel": "avos_paternos",
    "tipo": "planejado"
  },
  "2025-05-17": {
    "responsavel": "avos_paternos",
    "tipo": "planejado"
  },
  "2025-05-18": {
    "responsavel": "avos_paternos",
    "tipo": "planejado"
  },
  "2025-05-23": {
    "responsavel": "leonardo",
    "tipo": "planejado"
  },
  "2025-05-24": {
    "responsavel": "leonardo",
    "tipo": "planejado"
  },
  "2025-05-25": {
    "responsavel": "leonardo",
    "tipo": "planejado"
  },
  "2025-05-30": {
    "responsavel": "taciana",
    "tipo": "planejado"
  },
  "2025-05-31": {
    "responsavel": "taciana",
    "tipo": "planejado"
  },
  "2025-06-01": {
    "responsavel": "taciana",
    "tipo": "planejado"
  },
  "2025-06-06": {
    "responsavel": "leonardo",
    "tipo": "planejado"
  },
  "2025-06-07": {
    "responsavel": "leonardo",
    "tipo": "planejado"
  },
  "2025-06-08": {
    "responsavel": "leonardo",
    "tipo": "planejado"
  },
  "2025-06-13": {
    "responsavel": "taciana",
    "tipo": "planejado"
  },
  "2025-06-14": {
    "responsavel": "taciana",
    "tipo": "planejado"
  },
  "2025-06-15": {
    "responsavel": "taciana",
    "tipo": "planejado"
  },
  "2025-06-20": {
    "responsavel": "leonardo",
    "tipo": "planejado"
  },
  "2025-06-21": {
    "responsavel": "leonardo",
    "tipo": "planejado"
  },
  "2025-06-22": {
    "responsavel": "leonardo",
    "tipo": "planejado"
  },
  "2025-06-27": {
    "responsavel": "taciana",
    "tipo": "planejado"
  },
  "2025-06-28": {
    "responsavel": "taciana",
    "tipo": "planejado"
  },
  "2025-06-29": {
    "responsavel": "taciana",
    "tipo": "planejado"
  },
  "2025-07-04": {
    "responsavel": "leonardo",
    "tipo": "planejado"
  },
  "2025-07-05": {
    "responsavel": "leonardo",
    "tipo": "planejado"
  },
  "2025-07-06": {
    "responsavel": "leonardo",
    "tipo": "planejado"
  },
  "2025-07-11": {
    "responsavel": "taciana",
    "tipo": "planejado"
  },
  "2025-07-12": {
    "responsavel": "taciana",
    "tipo": "planejado"
  },
  "2025-07-13": {
    "responsavel": "taciana",
    "tipo": "planejado"
  },
  "2025-07-15": {
    "responsavel": "leonardo",
    "tipo": "planejado",
    "observacao": "Período especial - Theo com pai todos os dias"
  },
  "2025-07-16": {
    "responsavel": "leonardo",
    "tipo": "planejado",
    "observacao": "Período especial - Theo com pai todos os dias"
  },
  "2025-07-17": {
    "responsavel": "leonardo",
    "tipo": "planejado",
    "observacao": "Período especial - Theo com pai todos os dias"
  },
  "2025-07-18": {
    "responsavel": "leonardo",
    "tipo": "planejado",
    "observacao": "Período especial - Theo com pai todos os dias"
  },
  "2025-07-19": {
    "responsavel": "leonardo",
    "tipo": "planejado",
    "observacao": "Período especial - Theo com pai todos os dias"
  },
  "2025-07-20": {
    "responsavel": "leonardo",
    "tipo": "planejado",
    "observacao": "Período especial - Theo com pai todos os dias"
  },
  "2025-07-21": {
    "responsavel": "leonardo",
    "tipo": "planejado",
    "observacao": "Período especial - Theo com pai todos os dias"
  },
  "2025-07-22": {
    "responsavel": "leonardo",
    "tipo": "planejado",
    "observacao": "Período especial - Theo com pai todos os dias"
  },
  "2025-07-23": {
    "responsavel": "leonardo",
    "tipo": "planejado",
    "observacao": "Período especial - Theo com pai todos os dias"
  },
  "2025-07-24": {
    "responsavel": "leonardo",
    "tipo": "planejado",
    "observacao": "Período especial - Theo com pai todos os dias"
  },
  "2025-07-25": {
    "responsavel": "leonardo",
    "tipo": "planejado",
    "observacao": "Período especial - Theo com pai todos os dias"
  },
  "2025-07-26": {
    "responsavel": "leonardo",
    "tipo": "planejado",
    "observacao": "Período especial - Theo com pai todos os dias"
  },
  "2025-07-27": {
    "responsavel": "leonardo",
    "tipo": "planejado",
    "observacao": "Período especial - Theo com pai todos os dias"
  },
  "2025-07-28": {
    "responsavel": "leonardo",
    "tipo": "planejado",
    "observacao": "Período especial - Theo com pai todos os dias"
  },
  "2025-07-29": {
    "responsavel": "leonardo",
    "tipo": "planejado",
    "observacao": "Período especial - Theo com pai todos os dias"
  },
  "2025-07-30": {
    "responsavel": "leonardo",
    "tipo": "planejado",
    "observacao": "Período especial - Theo com pai todos os dias"
  },
  "2025-08-01": {
    "responsavel": "taciana",
    "tipo": "planejado"
  },
  "2025-08-02": {
    "responsavel": "taciana",
    "tipo": "planejado"
  },
  "2025-08-03": {
    "responsavel": "taciana",
    "tipo": "planejado"
  },
  "2025-08-08": {
    "responsavel": "leonardo",
    "tipo": "planejado"
  },
  "2025-08-09": {
    "responsavel": "leonardo",
    "tipo": "planejado"
  },
  "2025-08-10": {
    "responsavel": "leonardo",
    "tipo": "planejado"
  },
  "2025-08-15": {
    "responsavel": "taciana",
    "tipo": "planejado"
  },
  "2025-08-16": {
    "responsavel": "taciana",
    "tipo": "planejado"
  },
  "2025-08-17": {
    "responsavel": "taciana",
    "tipo": "planejado"
  },
  "2025-08-22": {
    "responsavel": "leonardo",
    "tipo": "planejado"
  },
  "2025-08-23": {
    "responsavel": "leonardo",
    "tipo": "planejado"
  },
  "2025-08-24": {
    "responsavel": "leonardo",
    "tipo": "planejado"
  },
  "2025-08-29": {
    "responsavel": "taciana",
    "tipo": "planejado"
  },
  "2025-08-30": {
    "responsavel": "taciana",
    "tipo": "planejado"
  },
  "2025-08-31": {
    "responsavel": "taciana",
    "tipo": "planejado"
  }
}