[
  {
    "id": 1,
    "data": "2025-05-15",
    "descricao": "Material Escolar",
    "valor": 378.85,
    "pagador": "leonardo",
    "categoria": "educacao",
    "tipo": "parcelada",
    "parcelas_total": 10,
    "parcela_atual": 5,
    "recorrente_ate": null,
    "status": "validado",
    "anexo": null,
    "validado_por": "taciana"
  },
  {
    "id": 2,
    "data": "2025-05-09",
    "descricao": "Celular (21) 985014874",
    "valor": 54.34,
    "pagador": "leonardo",
    "categoria": "comunicacao",
    "tipo": "recorrente",
    "parcelas_total": null,
    "parcela_atual": null,
    "recorrente_ate": "2025-12-31",
    "status": "validado",
    "anexo": null,
    "validado_por": "taciana"
  },
  {
    "id": 3,
    "data": "2025-05-05",
    "descricao": "Alimentação",
    "valor": 1400.0,
    "pagador": "taciana",
    "categoria": "alimentacao",
    "tipo": "recorrente",
    "parcelas_total": null,
    "parcela_atual": null,
    "recorrente_ate": "2025-12-31",
    "status": "validado",
    "anexo": null,
    "validado_por": "leonardo"
  },
  {
    "id": 4,
    "data": "2025-05-05",
    "descricao": "Escolaridade",
    "valor": 3026.06,
    "pagador": "leonardo",
    "categoria": "educacao",
    "tipo": "recorrente",
    "parcelas_total": null,
    "parcela_atual": null,
    "recorrente_ate": "2025-12-31",
    "status": "validado",
    "anexo": null,
    "validado_por": "taciana"
  },
  {
    "id": 5,
    "data": "2025-05-04",
    "descricao": "Transporte Escolar",
    "valor": 500.0,
    "pagador": "taciana",
    "categoria": "transporte",
    "tipo": "recorrente",
    "parcelas_total": null,
    "parcela_atual": null,
    "recorrente_ate": "2025-12-31",
    "status": "validado",
    "anexo": null,
    "validado_por": "leonardo"
  },
  {
    "id": 6,
    "data": "2025-06-09",
    "descricao": "Celular (21) 985014874",
    "valor": 54.34,
    "pagador": "leonardo",
    "categoria": "comunicacao",
    "tipo": "recorrente",
    "parcelas_total": null,
    "parcela_atual": null,
    "recorrente_ate": "2025-12-31",
    "status": "validado",
    "anexo": null,
    "validado_por": "taciana"
  },
  {
    "id": 7,
    "data": "2025-06-05",
    "descricao": "Alimentação",
    "valor": 1400.0,
    "pagador": "taciana",
    "categoria": "alimentacao",
    "tipo": "recorrente",
    "parcelas_total": null,
    "parcela_atual": null,
    "recorrente_ate": "2025-12-31",
    "status": "validado",
    "anexo": null,
    "validado_por": "leonardo"
  },
  {
    "id": 8,
    "data": "2025-06-05",
    "descricao": "Escolaridade",
    "valor": 3026.06,
    "pagador": "leonardo",
    "categoria": "educacao",
    "tipo": "recorrente",
    "parcelas_total": null,
    "parcela_atual": null,
    "recorrente_ate": "2025-12-31",
    "status": "validado",
    "anexo": null,
    "validado_por": "taciana"
  },
  {
    "id": 9,
    "data": "2025-06-04",
    "descricao": "Transporte Escolar",
    "valor": 500.0,
    "pagador": "taciana",
    "categoria": "transporte",
    "tipo": "recorrente",
    "parcelas_total": null,
    "parcela_atual": null,
    "recorrente_ate": "2025-12-31",
    "status": "validado",
    "anexo": null,
    "validado_por": "leonardo"
  },
  {
    "id": 10,
    "data": "2025-06-15",
    "descricao": "Material Escolar",
    "valor": 378.85,
    "pagador": "leonardo",
    "categoria": "educacao",
    "tipo": "parcelada",
    "parcelas_total": 10,
    "parcela_atual": 6,
    "recorrente_ate": null,
    "status": "validado",
    "anexo": null,
    "validado_por": "leonardo"
  },
  {
    "id": 11,
    "data": "2025-07-09",
    "descricao": "Celular (21) 985014874",
    "valor": 54.34,
    "pagador": "leonardo",
    "categoria": "comunicacao",
    "tipo": "recorrente",
    "parcelas_total": null,
    "parcela_atual": null,
    "recorrente_ate": "2025-12-31",
    "status": "validado",
    "anexo": null,
    "validado_por": "leonardo"
  },
  {
    "id": 12,
    "data": "2025-07-05",
    "descricao": "Alimentação",
    "valor": 1400.0,
    "pagador": "taciana",
    "categoria": "alimentacao",
    "tipo": "recorrente",
    "parcelas_total": null,
    "parcela_atual": null,
    "recorrente_ate": "2025-12-31",
    "status": "validado",
    "anexo": null,
    "validado_por": "leonardo"
  },
  {
    "id": 13,
    "data": "2025-07-05",
    "descricao": "Escolaridade",
    "valor": 3026.06,
    "pagador": "leonardo",
    "categoria": "educacao",
    "tipo": "recorrente",
    "parcelas_total": null,
    "parcela_atual": null,
    "recorrente_ate": "2025-12-31",
    "status": "validado",
    "anexo": null,
    "validado_por": "leonardo"
  },
  {
    "id": 14,
    "data": "2025-07-04",
    "descricao": "Transporte Escolar",
    "valor": 500.0,
    "pagador": "taciana",
    "categoria": "transporte",
    "tipo": "recorrente",
    "parcelas_total": null,
    "parcela_atual": null,
    "recorrente_ate": "2025-12-31",
    "status": "validado",
    "anexo": null,
    "validado_por": "leonardo"
  },
  {
    "id": 15,
    "data": "2025-07-15",
    "descricao": "Material Escolar",
    "valor": 378.85,
    "pagador": "leonardo",
    "categoria": "educacao",
    "tipo": "parcelada",
    "parcelas_total": 10,
    "parcela_atual": 7,
    "recorrente_ate": null,
    "status": "validado",
    "anexo": null,
    "validado_por": "leonardo"
  },
  {
    "id": 16,
    "data": "2025-08-09",
    "descricao": "Celular (21) 985014874",
    "valor": 54.34,
    "pagador": "leonardo",
    "categoria": "comunicacao",
    "tipo": "recorrente",
    "parcelas_total": null,
    "parcela_atual": null,
    "recorrente_ate": "2025-12-31",
    "status": "validado",
    "anexo": null,
    "validado_por": "leonardo"
  },
  {
    "id": 17,
    "data": "2025-08-05",
    "descricao": "Alimentação",
    "valor": 1400.0,
    "pagador": "taciana",
    "categoria": "alimentacao",
    "tipo": "recorrente",
    "parcelas_total": null,
    "parcela_atual": null,
    "recorrente_ate": "2025-12-31",
    "status": "validado",
    "anexo": null,
    "validado_por": "leonardo"
  },
  {
    "id": 18,
    "data": "2025-08-05",
    "descricao": "Escolaridade",
    "valor": 3026.06,
    "pagador": "leonardo",
    "categoria": "educacao",
    "tipo": "recorrente",
    "parcelas_total": null,
    "parcela_atual": null,
    "recorrente_ate": "2025-12-31",
    "status": "validado",
    "anexo": null,
    "validado_por": "leonardo"
  },
  {
    "id": 19,
    "data": "2025-08-04",
    "descricao": "Transporte Escolar",
    "valor": 500.0,
    "pagador": "taciana",
    "categoria": "transporte",
    "tipo": "recorrente",
    "parcelas_total": null,
    "parcela_atual": null,
    "recorrente_ate": "2025-12-31",
    "status": "validado",
    "anexo": null,
    "validado_por": "leonardo"
  },
  {
    "id": 20,
    "data": "2025-08-15",
    "descricao": "Material Escolar",
    "valor": 378.85,
    "pagador": "leonardo",
    "categoria": "educacao",
    "tipo": "parcelada",
    "parcelas_total": 10,
    "parcela_atual": 8,
    "recorrente_ate": null,
    "status": "validado",
    "anexo": null,
    "validado_por": "leonardo"
  },
  {
    "id": 21,
    "data": "2025-09-09",
    "descricao": "Celular (21) 985014874",
    "valor": 54.34,
    "pagador": "leonardo",
    "categoria": "comunicacao",
    "tipo": "recorrente",
    "parcelas_total": null,
    "parcela_atual": null,
    "recorrente_ate": "2025-12-31",
    "status": "validado",
    "anexo": null,
    "validado_por": "leonardo"
  },
  {
    "id": 22,
    "data": "2025-09-05",
    "descricao": "Alimentação",
    "valor": 1400.0,
    "pagador": "taciana",
    "categoria": "alimentacao",
    "tipo": "recorrente",
    "parcelas_total": null,
    "parcela_atual": null,
    "recorrente_ate": "2025-12-31",
    "status": "validado",
    "anexo": null,
    "validado_por": "leonardo"
  },
  {
    "id": 23,
    "data": "2025-09-05",
    "descricao": "Escolaridade",
    "valor": 3026.06,
    "pagador": "leonardo",
    "categoria": "educacao",
    "tipo": "recorrente",
    "parcelas_total": null,
    "parcela_atual": null,
    "recorrente_ate": "2025-12-31",
    "status": "validado",
    "anexo": null,
    "validado_por": "leonardo"
  },
  {
    "id": 24,
    "data": "2025-09-04",
    "descricao": "Transporte Escolar",
    "valor": 500.0,
    "pagador": "taciana",
    "categoria": "transporte",
    "tipo": "recorrente",
    "parcelas_total": null,
    "parcela_atual": null,
    "recorrente_ate": "2025-12-31",
    "status": "validado",
    "anexo": null,
    "validado_por": "leonardo"
  },
  {
    "id": 25,
    "data": "2025-09-15",
    "descricao": "Material Escolar",
    "valor": 378.85,
    "pagador": "leonardo",
    "categoria": "educacao",
    "tipo": "parcelada",
    "parcelas_total": 10,
    "parcela_atual": 9,
    "recorrente_ate": null,
    "status": "validado",
    "anexo": null,
    "validado_por": "leonardo"
  },
  {
    "id": 26,
    "data": "2025-10-09",
    "descricao": "Celular (21) 985014874",
    "valor": 54.34,
    "pagador": "leonardo",
    "categoria": "comunicacao",
    "tipo": "recorrente",
    "parcelas_total": null,
    "parcela_atual": null,
    "recorrente_ate": "2025-12-31",
    "status": "validado",
    "anexo": null,
    "validado_por": "leonardo"
  },
  {
    "id": 27,
    "data": "2025-10-05",
    "descricao": "Alimentação",
    "valor": 1400.0,
    "pagador": "taciana",
    "categoria": "alimentacao",
    "tipo": "recorrente",
    "parcelas_total": null,
    "parcela_atual": null,
    "recorrente_ate": "2025-12-31",
    "status": "validado",
    "anexo": null,
    "validado_por": "leonardo"
  },
  {
    "id": 28,
    "data": "2025-10-05",
    "descricao": "Escolaridade",
    "valor": 3026.06,
    "pagador": "leonardo",
    "categoria": "educacao",
    "tipo": "recorrente",
    "parcelas_total": null,
    "parcela_atual": null,
    "recorrente_ate": "2025-12-31",
    "status": "validado",
    "anexo": null,
    "validado_por": "leonardo"
  },
  {
    "id": 29,
    "data": "2025-10-04",
    "descricao": "Transporte Escolar",
    "valor": 500.0,
    "pagador": "taciana",
    "categoria": "transporte",
    "tipo": "recorrente",
    "parcelas_total": null,
    "parcela_atual": null,
    "recorrente_ate": "2025-12-31",
    "status": "validado",
    "anexo": null,
    "validado_por": "leonardo"
  },
  {
    "id": 30,
    "data": "2025-10-15",
    "descricao": "Material Escolar",
    "valor": 378.85,
    "pagador": "leonardo",
    "categoria": "educacao",
    "tipo": "parcelada",
    "parcelas_total": 10,
    "parcela_atual": 10,
    "recorrente_ate": null,
    "status": "validado",
    "anexo": null,
    "validado_por": "leonardo"
  },
  {
    "id": 31,
    "data": "2025-11-09",
    "descricao": "Celular (21) 985014874",
    "valor": 54.34,
    "pagador": "leonardo",
    "categoria": "comunicacao",
    "tipo": "recorrente",
    "parcelas_total": null,
    "parcela_atual": null,
    "recorrente_ate": "2025-12-31",
    "status": "validado",
    "anexo": null,
    "validado_por": "leonardo"
  },
  {
    "id": 32,
    "data": "2025-11-05",
    "descricao": "Alimentação",
    "valor": 1400.0,
    "pagador": "taciana",
    "categoria": "alimentacao",
    "tipo": "recorrente",
    "parcelas_total": null,
    "parcela_atual": null,
    "recorrente_ate": "2025-12-31",
    "status": "validado",
    "anexo": null,
    "validado_por": "leonardo"
  },
  {
    "id": 33,
    "data": "2025-11-05",
    "descricao": "Escolaridade",
    "valor": 3026.06,
    "pagador": "leonardo",
    "categoria": "educacao",
    "tipo": "recorrente",
    "parcelas_total": null,
    "parcela_atual": null,
    "recorrente_ate": "2025-12-31",
    "status": "validado",
    "anexo": null,
    "validado_por": "leonardo"
  },
  {
    "id": 34,
    "data": "2025-11-04",
    "descricao": "Transporte Escolar",
    "valor": 500.0,
    "pagador": "taciana",
    "categoria": "transporte",
    "tipo": "recorrente",
    "parcelas_total": null,
    "parcela_atual": null,
    "recorrente_ate": "2025-12-31",
    "status": "validado",
    "anexo": null,
    "validado_por": "leonardo"
  },
  {
    "id": 35,
    "data": "2025-12-09",
    "descricao": "Celular (21) 985014874",
    "valor": 54.34,
    "pagador": "leonardo",
    "categoria": "comunicacao",
    "tipo": "recorrente",
    "parcelas_total": null,
    "parcela_atual": null,
    "recorrente_ate": "2025-12-31",
    "status": "validado",
    "anexo": null,
    "validado_por": "leonardo"
  },
  {
    "id": 36,
    "data": "2025-12-05",
    "descricao": "Alimentação",
    "valor": 1400.0,
    "pagador": "taciana",
    "categoria": "alimentacao",
    "tipo": "recorrente",
    "parcelas_total": null,
    "parcela_atual": null,
    "recorrente_ate": "2025-12-31",
    "status": "validado",
    "anexo": null,
    "validado_por": "leonardo"
  },
  {
    "id": 37,
    "data": "2025-12-05",
    "descricao": "Escolaridade",
    "valor": 3026.06,
    "pagador": "leonardo",
    "categoria": "educacao",
    "tipo": "recorrente",
    "parcelas_total": null,
    "parcela_atual": null,
    "recorrente_ate": "2025-12-31",
    "status": "validado",
    "anexo": null,
    "validado_por": "leonardo"
  },
  {
    "id": 38,
    "data": "2025-12-04",
    "descricao": "Transporte Escolar",
    "valor": 500.0,
    "pagador": "taciana",
    "categoria": "transporte",
    "tipo": "recorrente",
    "parcelas_total": null,
    "parcela_atual": null,
    "recorrente_ate": "2025-12-31",
    "status": "validado",
    "anexo": null,
    "validado_por": "leonardo"
  }
]